{"curves":[{"nPts":2,"nSdv":1,"selected":false,"x1":-7.949999999999999,"y1":-2.6750000000000003,"x2":6.449999999999997,"y2":7.675}]}